{
  "images" : [
    {
      "idiom" : "universal",
      "platform" : "ios",
      "scale" : "2x",
      "size" : "20x20"
    },
    {
      "idiom" : "universal",
      "platform" : "ios",
      "scale" : "3x",
      "size" : "20x20"
    },
    {
      "idiom" : "universal",
      "platform" : "ios",
      "scale" : "2x",
      "size" : "29x29"
    },
    {
      "idiom" : "universal",
      "platform" : "ios",
      "scale" : "3x",
      "size" : "29x29"
    },
    {
      "idiom" : "universal",
      "platform" : "ios",
      "scale" : "2x",
      "size" : "38x38"
    },
    {
      "idiom" : "universal",
      "platform" : "ios",
      "scale" : "3x",
      "size" : "38x38"
    },
    {
      "idiom" : "universal",
      "platform" : "ios",
      "scale" : "2x",
      "size" : "40x40"
    },
    {
      "idiom" : "universal",
      "platform" : "ios",
      "scale" : "3x",
      "size" : "40x40"
    },
    {
      "idiom" : "universal",
      "platform" : "ios",
      "scale" : "2x",
      "size" : "60x60"
    },
    {
      "idiom" : "universal",
      "platform" : "ios",
      "scale" : "3x",
      "size" : "60x60"
    },
    {
      "idiom" : "universal",
      "platform" : "ios",
      "scale" : "2x",
      "size" : "64x64"
    },
    {
      "idiom" : "universal",
      "platform" : "ios",
      "scale" : "3x",
      "size" : "64x64"
    },
    {
      "idiom" : "universal",
      "platform" : "ios",
      "scale" : "2x",
      "size" : "68x68"
    },
    {
      "filename" : "ticklogo_ss.png",
      "idiom" : "universal",
      "platform" : "ios",
      "scale" : "2x",
      "size" : "76x76"
    },
    {
      "filename" : "ticklogo_s.png",
      "idiom" : "universal",
      "platform" : "ios",
      "scale" : "2x",
      "size" : "83.5x83.5"
    },
    {
      "filename" : "ticklogo.png",
      "idiom" : "universal",
      "platform" : "ios",
      "size" : "1024x1024"
    },
    {
      "idiom" : "mac",
      "scale" : "1x",
      "size" : "16x16"
    },
    {
      "idiom" : "mac",
      "scale" : "2x",
      "size" : "16x16"
    },
    {
      "idiom" : "mac",
      "scale" : "1x",
      "size" : "32x32"
    },
    {
      "idiom" : "mac",
      "scale" : "2x",
      "size" : "32x32"
    },
    {
      "idiom" : "mac",
      "scale" : "1x",
      "size" : "128x128"
    },
    {
      "idiom" : "mac",
      "scale" : "2x",
      "size" : "128x128"
    },
    {
      "idiom" : "mac",
      "scale" : "1x",
      "size" : "256x256"
    },
    {
      "idiom" : "mac",
      "scale" : "2x",
      "size" : "256x256"
    },
    {
      "idiom" : "mac",
      "scale" : "1x",
      "size" : "512x512"
    },
    {
      "idiom" : "mac",
      "scale" : "2x",
      "size" : "512x512"
    }
  ],
  "info" : {
    "author" : "xcode",
    "version" : 1
  }
}
